Swingup Success,Swingup Time [s],Energy [J],Torque Cost[N²m²],Torque Smoothness [Nm],Velocity Cost [m²/s²],RealAI Score
1.0,4.049950838088988,14.248644037498002,3.679799758263083,0.12505737724442384,108.98117153317594,0.4431405662236473
