#swingups,Uptime [s],RealAI Score
22.0,17.91120600700377,0.2985201001167295
