#swingups,Uptime [s],RealAI Score
14.0,39.27017641067508,0.654502940177918
