Swingup Success,Swingup Time [s],Energy [J],Max. Torque [Nm],Integrated Torque [Nms],Torque Cost[N²m²],Torque Smoothness [Nm],Velocity Cost [m²/s²],RealAI Score
1.0,7.839999999999876,12.762335465784302,2.0,14.575475196838141,25.221500638790307,1.2980352059679598,20.124542908425923,0.48935569083780184
