Swingup Success,Swingup Time [s],Energy [J],Max. Torque [Nm],Integrated Torque [Nms],Torque Cost[N²m²],Torque Smoothness [Nm],Velocity Cost [m²/s²],RealAI Score
1.0,9.359999999999843,10.56139069333486,2.0,12.575462040900991,20.086039884870335,1.3881516882031242,18.28408864472711,0.48317043769037704
