Swingup Success,Swingup Time [s],Energy [J],Max. Torque [Nm],Integrated Torque [Nms],Torque Cost[N²m²],Torque Smoothness [Nm],Velocity Cost [m²/s²],RealAI Score
1.0,9.60999999999984,10.375629057167062,2.0,12.315173745155173,19.437536552661676,1.45462823926584,18.552781921669684,0.4774176850287747
