#swingups,Uptime [s],RealAI Score
15.0,23.527867555618286,0.3921311259269714
