Swingup Success,Swingup Time [s],Energy [J],Torque Cost[N²m²],Torque Smoothness [Nm],Velocity Cost [m²/s²],RealAI Score
1.0,4.045999999999776,10.433058105019839,1.8688740810272428,0.015537700445571286,105.83028573430587,0.5042327646623914
