Swingup Success,Swingup Time [s],Energy [J],Torque Cost[N²m²],Torque Smoothness [Nm],Velocity Cost [m²/s²],RealAI Score
0.0,9.999648094177246,20.02834982181497,10.47932722939937,0.25566155827824705,228.07660452439822,0.0
