Swingup Success,Swingup Time [s],Energy [J],Torque Cost[N²m²],Torque Smoothness [Nm],Velocity Cost [m²/s²],RealAI Score
1.0,4.093135356903076,16.27083905658504,4.716662938866843,0.0985959191518204,109.16110387082541,0.42324683436381705
