#swingups,Uptime [s],RealAI Score
23.0,30.550000000014393,0.5091666666669066
