Swingup Success,Swingup Time [s],Energy [J],Torque Cost[N²m²],Torque Smoothness [Nm],Velocity Cost [m²/s²],RealAI Score
1.0,1.186237096786499,10.934187488984875,5.928027137463454,0.3084506184912549,65.72008224348863,0.6804239968947876
