Swingup Success,Swingup Time [s],Energy [J],Max. Torque [Nm],Integrated Torque [Nms],Torque Cost[N²m²],Torque Smoothness [Nm],Velocity Cost [m²/s²],RealAI Score
1.0,5.289999999999932,10.653322043639234,1.5,3.6630644830495216,2.99422623416616,0.02366042768702404,40.44023579677667,0.7006822969777946
