Swingup Success,Swingup Time [s],Energy [J],Max. Torque [Nm],Integrated Torque [Nms],Torque Cost[N²m²],Torque Smoothness [Nm],Velocity Cost [m²/s²],RealAI Score
1.0,5.289999999999932,10.681092846927271,1.5,3.6629940776788215,2.9914833465418518,0.023683583062726082,40.67347144880569,0.7001941063475776
