#swingups,Uptime [s],RealAI Score
12.0,33.54518795013429,0.5590864658355715
