#swingups,Uptime [s],RealAI Score
21.0,37.798000000019755,0.629966666666996
