#swingups,Uptime [s],RealAI Score
11.0,24.05637192726132,0.400939532121022
