Swingup Success,Swingup Time [s],Energy [J],Torque Cost[N²m²],Torque Smoothness [Nm],Velocity Cost [m²/s²],RealAI Score
1.0,9.31909132003784,39.82076475892575,21.095479614592247,0.2608900926958618,288.5373289434156,0.27421154377965773
