#swingups,Uptime [s],RealAI Score
12.0,42.55564951896666,0.709260825316111
