Swingup Success,Swingup Time [s],Energy [J],Max. Torque [Nm],Integrated Torque [Nms],Torque Cost[N²m²],Torque Smoothness [Nm],Velocity Cost [m²/s²],RealAI Score
1.0,8.719999999999857,12.37179207250633,1.5,4.080395712344156,3.0536324033956643,0.031338240370791866,53.67502026332377,0.6012751958120994
