Swingup Success,Swingup Time [s],Energy [J],Max. Torque [Nm],Integrated Torque [Nms],Torque Cost[N²m²],Torque Smoothness [Nm],Velocity Cost [m²/s²],RealAI Score
1.0,8.719999999999857,12.371791252783318,1.5,4.079461701527256,3.053545165775055,0.03135393687749783,53.67502025535477,0.6012792999705612
