Swingup Success,Swingup Time [s],Energy [J],Torque Cost[N²m²],Torque Smoothness [Nm],Velocity Cost [m²/s²],RealAI Score
1.0,7.279166221618653,20.04544251490143,10.550316184900906,0.2565118412484091,227.46647647966773,0.38776091522611134
