#swingups,Uptime [s],RealAI Score
14.0,40.75425434112549,0.6792375723520915
