Swingup Success,Swingup Time [s],Energy [J],Max. Torque [Nm],Integrated Torque [Nms],Torque Cost[N²m²],Torque Smoothness [Nm],Velocity Cost [m²/s²],RealAI Score
1.0,1.0980000000000008,9.808203401899997,2.8199985516469153,1.2688701255573542,2.268946930905162,0.0566728078006337,242.4359914232601,0.8690550290770307
