Swingup Success,Swingup Time [s],Energy [J],Torque Cost[N²m²],Torque Smoothness [Nm],Velocity Cost [m²/s²],RealAI Score
1.0,1.4848842620849607,18.42133924692481,11.658674151374099,0.5755721468541983,148.1630779346509,0.48561182301621386
