Swingup Success,Swingup Time [s],Energy [J],Max. Torque [Nm],Integrated Torque [Nms],Torque Cost[N²m²],Torque Smoothness [Nm],Velocity Cost [m²/s²],RealAI Score
1.0,5.179999999999934,13.436605628091412,1.0,4.757414033471819,4.089685707225868,0.06222990634110046,65.1144374631292,0.6656117396931727
