#swingups,Uptime [s],RealAI Score
12.0,30.629802942275994,0.5104967157045999
