Swingup Success,Swingup Time [s],Energy [J],Max. Torque [Nm],Integrated Torque [Nms],Torque Cost[N²m²],Torque Smoothness [Nm],Velocity Cost [m²/s²],RealAI Score
1.0,4.969999999999938,13.81524715361516,1.0,4.9927540594990685,4.732030478688137,0.2686644324065822,62.68540026506413,0.661186884201713
