#swingups,Uptime [s],RealAI Score
14.0,37.43380093574522,0.6238966822624203
