#swingups,Uptime [s],RealAI Score
16.0,38.882000000020916,0.648033333333682
