#swingups,Uptime [s],RealAI Score
19.0,24.50322961807249,0.40838716030120814
