Swingup Success,Swingup Time [s],Energy [J],Torque Cost[N²m²],Torque Smoothness [Nm],Velocity Cost [m²/s²],RealAI Score
1.0,7.488819360733032,13.904831810820475,5.163213385724082,0.1362020365793296,142.62171931385035,0.49536900163043385
