#swingups,Uptime [s],RealAI Score
12.0,34.71500420570375,0.5785834034283959
