Swingup Success,Swingup Time [s],Energy [J],Torque Cost[N²m²],Torque Smoothness [Nm],Velocity Cost [m²/s²],RealAI Score
1.0,1.398958683013916,11.87534865970869,10.244573530957947,0.5336816544153807,83.9017415369565,0.5892573306059011
