Swingup Success,Swingup Time [s],Energy [J],Torque Cost[N²m²],Torque Smoothness [Nm],Velocity Cost [m²/s²],RealAI Score
1.0,1.1500000000000008,7.719128043253907,2.426981034454814,0.010329143078101377,64.32603787855236,0.6588462186786841
