Swingup Success,Swingup Time [s],Energy [J],Torque Cost[N²m²],Torque Smoothness [Nm],Velocity Cost [m²/s²],RealAI Score
1.0,0.6746368408203125,37.1183195101425,78.69829478215063,0.7742182969147683,114.04452213581521,0.3383572126386012
