#swingups,Uptime [s],RealAI Score
25.0,23.085863828659043,0.38476439714431737
