Swingup Success,Swingup Time [s],Energy [J],Max. Torque [Nm],Integrated Torque [Nms],Torque Cost[N²m²],Torque Smoothness [Nm],Velocity Cost [m²/s²],RealAI Score
1.0,2.4588129520416255,52.89037240610973,5.0,27.053248745122794,87.65005807796823,0.6925666787573005,168.66306698425487,0.6998886575800559
