#swingups,Uptime [s],RealAI Score
12.0,32.08748745918273,0.5347914576530456
