Swingup Success,Swingup Time [s],Energy [J],Torque Cost[N²m²],Torque Smoothness [Nm],Velocity Cost [m²/s²],RealAI Score
1.0,0.7272830009460449,10.607324770361592,11.327189285663103,0.4800137149636467,36.70342181239434,0.6799000075798238
