#swingups,Uptime [s],RealAI Score
12.0,42.84850907325744,0.714141817887624
