#swingups,Uptime [s],RealAI Score
13.0,14.396000000004237,0.23993333333340397
