#swingups,Uptime [s],RealAI Score
10.0,46.48826980590819,0.7748044967651365
