Swingup Success,Swingup Time [s],Energy [J],Max. Torque [Nm],Integrated Torque [Nms],Torque Cost[N²m²],Torque Smoothness [Nm],Velocity Cost [m²/s²],RealAI Score
1.0,1.9500000000000013,14.443629990656925,5.0,5.923781706944051,25.443506857558102,1.4518243205842098,34.78663617714988,0.8151280271255034
