#swingups,Uptime [s],RealAI Score
12.0,33.44820427894594,0.5574700713157656
