Swingup Success,Swingup Time [s],Energy [J],Torque Cost[N²m²],Torque Smoothness [Nm],Velocity Cost [m²/s²],RealAI Score
0.0,1.229020118713379,19.943725481861584,14.442991933583002,2.0241613271638466,118.1860229867219,0.0
