Swingup Success,Swingup Time [s],Energy [J],Torque Cost[N²m²],Torque Smoothness [Nm],Velocity Cost [m²/s²],RealAI Score
0.0,9.998301267623901,41.327747203863,12.605062405998742,0.22704619047059899,392.410771831707,0.0
