#swingups,Uptime [s],RealAI Score
12.0,43.269258975982595,0.7211543162663766
