Swingup Success,Swingup Time [s],Energy [J],Torque Cost[N²m²],Torque Smoothness [Nm],Velocity Cost [m²/s²],RealAI Score
1.0,6.151696681976318,24.903433535688027,31.10440304246388,0.5965693016256455,70.96594863619238,0.33906139305169414
