#swingups,Uptime [s],RealAI Score
16.0,47.92600000002312,0.7987666666670521
