#swingups,Uptime [s],RealAI Score
14.0,7.002000000001155,0.11670000000001926
