#swingups,Uptime [s],RealAI Score
11.0,44.71901106834411,0.7453168511390685
