#swingups,Uptime [s],RealAI Score
11.0,44.62350082397461,0.7437250137329101
