#swingups,Uptime [s],RealAI Score
34.0,18.408000000011533,0.3068000000001922
