#swingups,Uptime [s],RealAI Score
11.0,17.66789865493773,0.2944649775822955
