Swingup Success,Swingup Time [s],Energy [J],Torque Cost[N²m²],Torque Smoothness [Nm],Velocity Cost [m²/s²],RealAI Score
1.0,4.045012474060059,14.658233129483715,3.817843045855652,0.07935367606457665,110.91833654712403,0.4619434118242317
