Swingup Success,Swingup Time [s],Energy [J],Torque Cost[N²m²],Torque Smoothness [Nm],Velocity Cost [m²/s²],RealAI Score
1.0,4.2121901512146,37.00654819612801,17.971736052817473,0.7236984126146536,358.13116205404754,0.2885634423972221
