Swingup Success,Swingup Time [s],Energy [J],Torque Cost[N²m²],Torque Smoothness [Nm],Velocity Cost [m²/s²],RealAI Score
1.0,1.1889591217041016,12.008091708486653,7.452912522976254,0.2832581947642097,69.60887946614974,0.6622643983255423
