#swingups,Uptime [s],RealAI Score
12.0,41.66636538505554,0.694439423084259
