#swingups,Uptime [s],RealAI Score
12.0,35.08167934417725,0.5846946557362875
