#swingups,Uptime [s],RealAI Score
16.0,45.53800000001997,0.7589666666669995
