Swingup Success,Swingup Time [s],Energy [J],Max. Torque [Nm],Integrated Torque [Nms],Torque Cost[N²m²],Torque Smoothness [Nm],Velocity Cost [m²/s²],Real AI Score
1.0,4.1179999999997685,29.012063270333915,5.0,7.117329337413924,18.79462213722578,0.2514980609246558,280.81256936359625,0.7278575112410657
