#swingups,Uptime [s],RealAI Score
16.0,43.554000000019975,0.725900000000333
