Swingup Success,Swingup Time [s],Energy [J],Torque Cost[N²m²],Torque Smoothness [Nm],Velocity Cost [m²/s²],RealAI Score
1.0,1.394000000000001,8.322843658448338,1.5169970532884,0.008076883429364525,117.96157720290056,0.6326131852346231
