Swingup Success,Swingup Time [s],Energy [J],Torque Cost[N²m²],Torque Smoothness [Nm],Velocity Cost [m²/s²],RealAI Score
1.0,1.1875154972076416,11.34693266780682,7.1138134430893825,0.4011799553162735,67.59170502159246,0.6543613708826906
