#swingups,Uptime [s],RealAI Score
11.0,42.96570897102356,0.7160951495170593
