Swingup Success,Swingup Time [s],Energy [J],Torque Cost[N²m²],Torque Smoothness [Nm],Velocity Cost [m²/s²],RealAI Score
1.0,8.72741651535034,61.70001228887244,29.668230429046915,1.01359546461459,714.7764904496805,0.14617253210140424
