#swingups,Uptime [s],RealAI Score
21.0,39.48400000001793,0.6580666666669654
