#swingups,Uptime [s],RealAI Score
15.0,34.11097002029422,0.5685161670049036
