Swingup Success,Swingup Time [s],Energy [J],Max. Torque [Nm],Integrated Torque [Nms],Torque Cost[N²m²],Torque Smoothness [Nm],Velocity Cost [m²/s²],RealAI Score
1.0,1.3721065521240234,11.691982558060378,4.993721278990951,5.143934330714412,9.247057619780913,0.536432089618087,84.22068426778098,0.8407106757346225
